model,experiment,variable,variant,grid,start_time,end_time,n_files
CMCC-ESM2,historical,zmeso,r1i1p1f1,RegriddedAnnual,19500101,20141231,1
CMCC-ESM2,ssp126,zmeso,r1i1p1f1,RegriddedAnnual,20150101,21001231,1
CMCC-ESM2,ssp245,zmeso,r1i1p1f1,RegriddedAnnual,20150101,21001231,1
CMCC-ESM2,ssp370,zmeso,r1i1p1f1,RegriddedAnnual,20150101,21001231,1
CMCC-ESM2,ssp585,zmeso,r1i1p1f1,RegriddedAnnual,20150101,21001231,1
CNRM-ESM2-1,historical,zmeso,r2i1p1f2,RegriddedAnnual,19500101,20141231,1
CNRM-ESM2-1,ssp119,zmeso,r2i1p1f2,RegriddedAnnual,20150101,21001231,1
CNRM-ESM2-1,ssp126,zmeso,r2i1p1f2,RegriddedAnnual,20150101,21001231,1
CNRM-ESM2-1,ssp245,zmeso,r2i1p1f2,RegriddedAnnual,20150101,21001231,1
CNRM-ESM2-1,ssp370,zmeso,r2i1p1f2,RegriddedAnnual,20150101,21001231,1
CNRM-ESM2-1,ssp434,zmeso,r2i1p1f2,RegriddedAnnual,20150101,21001231,1
CNRM-ESM2-1,ssp460,zmeso,r2i1p1f2,RegriddedAnnual,20150101,21001231,1
CNRM-ESM2-1,ssp534-over,zmeso,r2i1p1f2,RegriddedAnnual,20150101,21001231,1
CNRM-ESM2-1,ssp585,zmeso,r2i1p1f2,RegriddedAnnual,20150101,21001231,1
CanESM5-CanOE,historical,zmeso,r1i1p2f1,RegriddedAnnual,19410101,20141231,1
CanESM5-CanOE,ssp126,zmeso,r1i1p2f1,RegriddedAnnual,20150101,21001231,1
CanESM5-CanOE,ssp245,zmeso,r1i1p2f1,RegriddedAnnual,20150101,21001231,1
CanESM5-CanOE,ssp370,zmeso,r1i1p2f1,RegriddedAnnual,20150101,21001231,1
CanESM5-CanOE,ssp585,zmeso,r1i1p2f1,RegriddedAnnual,20150101,21001231,1
GFDL-ESM4,ssp245,zmeso,r1i1p1f1,RegriddedAnnual,20150101,21001231,1
GFDL-ESM4,ssp370,zmeso,r1i1p1f1,RegriddedAnnual,20150101,21001231,1
IPSL-CM6A-LR,historical,zmeso,r1i1p1f1,RegriddedAnnual,19500101,20141231,1
IPSL-CM6A-LR,ssp119,zmeso,r1i1p1f1,RegriddedAnnual,20150101,21001231,1
IPSL-CM6A-LR,ssp126,zmeso,r1i1p1f1,RegriddedAnnual,20150101,21001231,1
IPSL-CM6A-LR,ssp245,zmeso,r1i1p1f1,RegriddedAnnual,20150101,21001231,1
IPSL-CM6A-LR,ssp370,zmeso,r1i1p1f1,RegriddedAnnual,20150101,21001231,1
IPSL-CM6A-LR,ssp434,zmeso,r1i1p1f1,RegriddedAnnual,20150101,21001231,1
IPSL-CM6A-LR,ssp460,zmeso,r1i1p1f1,RegriddedAnnual,20150101,21001231,1
IPSL-CM6A-LR,ssp534-over,zmeso,r1i1p1f1,RegriddedAnnual,20400101,21001231,1
IPSL-CM6A-LR,ssp585,zmeso,r1i1p1f1,RegriddedAnnual,20150101,21001231,1
UKESM1-0-LL,historical,zmeso,r1i1p1f2,RegriddedAnnual,19500101,19991231,1
UKESM1-0-LL,ssp126,zmeso,r1i1p1f2,RegriddedAnnual,20150101,21001231,1
UKESM1-0-LL,ssp245,zmeso,r1i1p1f2,RegriddedAnnual,20150101,21001231,1
UKESM1-0-LL,ssp370,zmeso,r1i1p1f2,RegriddedAnnual,20150101,21001231,1
UKESM1-0-LL,ssp585,zmeso,r1i1p1f2,RegriddedAnnual,20150101,21001231,1
