Variable,Model,Scenario,Variant,Output_file,Mean_density_change,SD_density_change,Mean_percent_change,SD_percent_change,Total_change,n
zmeso,All models,ssp126,NA,NA,NA,NA,-5.244504869909838,5.122505775772927,NA,NA
zmeso,CMCC-ESM2,ssp126,r1i1p1f1,/Volumes/T9/ClimateData/zmeso/biomassChange/zmeso_CMCC-ESM2_ssp126_r1i1p1f1_biomassChange.tif,-0.002630666155658847,0.003885207480961771,-7.509260375495451,17.03585983382816,-918988919882.3217,164470
zmeso,CNRM-ESM2-1,ssp126,r2i1p1f2,/Volumes/T9/ClimateData/zmeso/biomassChange/zmeso_CNRM-ESM2-1_ssp126_r2i1p1f2_biomassChange.tif,-0.01555611947127202,0.4773274975138478,-12.203044297534557,9.82143897999058,-5425676815855.423,164208
zmeso,CanESM5-CanOE,ssp126,r1i1p2f1,/Volumes/T9/ClimateData/zmeso/biomassChange/zmeso_CanESM5-CanOE_ssp126_r1i1p2f1_biomassChange.tif,1.7112007403649457e-4,0.0014274288882411986,3.527365698570379,26046428193.59931,59943847788.81206,165358
zmeso,GFDL-ESM4,ssp126,r1i1p1f1,/Volumes/T9/ClimateData/zmeso/biomassChange/zmeso_GFDL-ESM4_ssp126_r1i1p1f1_biomassChange.tif,-0.00397493755392199,0.006457539644478872,-5.054730225528754,138382.73368363976,-1433166952626.3088,170928
zmeso,IPSL-CM6A-LR,ssp126,r1i1p1f1,/Volumes/T9/ClimateData/zmeso/biomassChange/zmeso_IPSL-CM6A-LR_ssp126_r1i1p1f1_biomassChange.tif,-0.003881768120087089,0.012052543033815559,-4.550661060521293,32.77017420966067,-1355848993228.9875,164428
zmeso,UKESM1-0-LL,ssp126,r1i1p1f2,/Volumes/T9/ClimateData/zmeso/biomassChange/zmeso_UKESM1-0-LL_ssp126_r1i1p1f2_biomassChange.tif,-0.004373270982198633,0.013222282328437565,-5.676698958949354,1194.6424181870734,-1531180833593.2058,165344
zmeso,All models,ssp245,NA,NA,NA,NA,-8.008418996806746,4.437902898172206,NA,NA
zmeso,CMCC-ESM2,ssp245,r1i1p1f1,/Volumes/T9/ClimateData/zmeso/biomassChange/zmeso_CMCC-ESM2_ssp245_r1i1p1f1_biomassChange.tif,-0.0033708643379772047,0.004337724338006332,-9.62216279321213,18.952513934742427,-1177567503335.1663,164470
zmeso,CNRM-ESM2-1,ssp245,r2i1p1f2,/Volumes/T9/ClimateData/zmeso/biomassChange/zmeso_CNRM-ESM2-1_ssp245_r2i1p1f2_biomassChange.tif,-0.014898177588194035,0.4074100135067319,-11.68691982579653,13.834238663991629,-5196199276306.508,164208
zmeso,CanESM5-CanOE,ssp245,r1i1p2f1,/Volumes/T9/ClimateData/zmeso/biomassChange/zmeso_CanESM5-CanOE_ssp245_r1i1p2f1_biomassChange.tif,2.356933827563302e-5,0.0022833160517673028,0.48584408252266553,62483898208.03979,8256406117.357416,165358
zmeso,GFDL-ESM4,ssp245,r1i1p1f1,/Volumes/T9/ClimateData/zmeso/biomassChange/zmeso_GFDL-ESM4_ssp245_r1i1p1f1_biomassChange.tif,-0.006850266297601339,0.007550046813751959,-8.711142662666846,11896055930.26518,-2469869058628.4097,170928
zmeso,IPSL-CM6A-LR,ssp245,r1i1p1f1,/Volumes/T9/ClimateData/zmeso/biomassChange/zmeso_IPSL-CM6A-LR_ssp245_r1i1p1f1_biomassChange.tif,-0.006351215963217298,0.011922332915975208,-7.445635668244331,26.593387621584068,-2218393655444.532,164428
zmeso,UKESM1-0-LL,ssp245,r1i1p1f2,/Volumes/T9/ClimateData/zmeso/biomassChange/zmeso_UKESM1-0-LL_ssp245_r1i1p1f2_biomassChange.tif,-0.00852859806990643,0.017652841078022324,-11.07049711344331,1353.3542893118624,-2986054592824.59,165344
zmeso,All models,ssp370,NA,NA,NA,NA,-11.366886093446695,5.750729826186593,NA,NA
zmeso,CMCC-ESM2,ssp370,r1i1p1f1,/Volumes/T9/ClimateData/zmeso/biomassChange/zmeso_CMCC-ESM2_ssp370_r1i1p1f1_biomassChange.tif,-0.004449762028823858,0.0050205900833841955,-12.701886026683107,20.845163079154755,-1554466343745.5632,164470
zmeso,CNRM-ESM2-1,ssp370,r2i1p1f2,/Volumes/T9/ClimateData/zmeso/biomassChange/zmeso_CNRM-ESM2-1_ssp370_r2i1p1f2_biomassChange.tif,-0.018842098370675884,0.4640337645155479,-14.780740241837456,16.472823202439784,-6571763381004.939,164208
zmeso,CanESM5-CanOE,ssp370,r1i1p2f1,/Volumes/T9/ClimateData/zmeso/biomassChange/zmeso_CanESM5-CanOE_ssp370_r1i1p2f1_biomassChange.tif,-5.130855552403277e-6,0.0031422727378541903,-0.1057643527901136,164908138797.02454,-1797353267.8232102,165358
zmeso,GFDL-ESM4,ssp370,r1i1p1f1,/Volumes/T9/ClimateData/zmeso/biomassChange/zmeso_GFDL-ESM4_ssp370_r1i1p1f1_biomassChange.tif,-0.011430386334380902,0.010960040903517305,-14.535453327275052,141005163.50290135,-4121235045321.0615,170928
zmeso,IPSL-CM6A-LR,ssp370,r1i1p1f1,/Volumes/T9/ClimateData/zmeso/biomassChange/zmeso_IPSL-CM6A-LR_ssp370_r1i1p1f1_biomassChange.tif,-0.009265549347468052,0.012761194793025116,-10.862156964418416,16.446882337249686,-3236330807466.2153,164428
zmeso,UKESM1-0-LL,ssp370,r1i1p1f2,/Volumes/T9/ClimateData/zmeso/biomassChange/zmeso_UKESM1-0-LL_ssp370_r1i1p1f2_biomassChange.tif,-0.011721723996315207,0.022988985418431765,-15.21531564767602,1562.3405755330577,-4104040017845.893,165344
zmeso,All models,ssp585,NA,NA,NA,NA,-13.580405450332805,6.45054408535829,NA,NA
zmeso,CMCC-ESM2,ssp585,r1i1p1f1,/Volumes/T9/ClimateData/zmeso/biomassChange/zmeso_CMCC-ESM2_ssp585_r1i1p1f1_biomassChange.tif,-0.005877868594842645,0.0062028119765098425,-16.778429158209413,25.23574936102908,-2053356751317.5437,164470
zmeso,CNRM-ESM2-1,ssp585,r2i1p1f2,/Volumes/T9/ClimateData/zmeso/biomassChange/zmeso_CNRM-ESM2-1_ssp585_r2i1p1f2_biomassChange.tif,-0.02081306030547036,0.4906888514528751,-16.326867207721758,19.56100432497777,-7259197190850.417,164208
zmeso,CanESM5-CanOE,ssp585,r1i1p2f1,/Volumes/T9/ClimateData/zmeso/biomassChange/zmeso_CanESM5-CanOE_ssp585_r1i1p2f1_biomassChange.tif,-4.285118106906281e-5,0.0036151562417241962,-0.8833083266081562,205637647751.51862,-15010890393.998484,165358
zmeso,GFDL-ESM4,ssp585,r1i1p1f1,/Volumes/T9/ClimateData/zmeso/biomassChange/zmeso_GFDL-ESM4_ssp585_r1i1p1f1_biomassChange.tif,-0.012871128148022108,0.012043545633746437,-16.367572975396257,1055696909493.1755,-4640695672454.726,170928
zmeso,IPSL-CM6A-LR,ssp585,r1i1p1f1,/Volumes/T9/ClimateData/zmeso/biomassChange/zmeso_IPSL-CM6A-LR_ssp585_r1i1p1f1_biomassChange.tif,-0.011065077056649249,0.01671233876404898,-12.97177310329181,28.914988784846905,-3864881446582.251,164428
zmeso,UKESM1-0-LL,ssp585,r1i1p1f2,/Volumes/T9/ClimateData/zmeso/biomassChange/zmeso_UKESM1-0-LL_ssp585_r1i1p1f2_biomassChange.tif,-0.013986027724707382,0.026061785358328062,-18.154481930769432,1044.2619263039082,-4896823836744.921,165344
zmicro,All models,ssp126,NA,NA,NA,NA,-2.1390736509601456,1.7342548042867412,NA,NA
zmicro,CMCC-ESM2,ssp126,r1i1p1f1,/Volumes/T9/ClimateData/zmicro/biomassChange/zmicro_CMCC-ESM2_ssp126_r1i1p1f1_biomassChange.tif,-0.0014006735563148799,0.00354880958904632,-4.8629384631120365,13.790463479971027,-489307043334.4907,164470
zmicro,CNRM-ESM2-1,ssp126,r2i1p1f2,/Volumes/T9/ClimateData/zmicro/biomassChange/zmicro_CNRM-ESM2-1_ssp126_r2i1p1f2_biomassChange.tif,-0.0014153561669039243,0.006796474307809038,-2.2054863232775563,9.403610321590119,-493649149142.25,164208
zmicro,CanESM5-CanOE,ssp126,r1i1p2f1,/Volumes/T9/ClimateData/zmicro/biomassChange/zmicro_CanESM5-CanOE_ssp126_r1i1p2f1_biomassChange.tif,3.898405462942671e-5,8.96825629732302e-4,0.5874692406940903,30960445223457.105,13656225022.42905,165358
zmicro,GFDL-ESM4,ssp126,r1i1p1f1,/Volumes/T9/ClimateData/zmicro/biomassChange/zmicro_GFDL-ESM4_ssp126_r1i1p1f1_biomassChange.tif,-0.0010897535279020163,0.0023996532020508564,-1.9841471046354717,6.01301489333343,-392911516598.82227,170928
zmicro,IPSL-CM6A-LR,ssp126,r1i1p1f1,/Volumes/T9/ClimateData/zmicro/biomassChange/zmicro_IPSL-CM6A-LR_ssp126_r1i1p1f1_biomassChange.tif,-0.0011352230772145035,0.0036067948174289557,-1.9088507450620085,9.403723828823768,-396518034749.8617,164428
zmicro,UKESM1-0-LL,ssp126,r1i1p1f2,/Volumes/T9/ClimateData/zmicro/biomassChange/zmicro_UKESM1-0-LL_ssp126_r1i1p1f2_biomassChange.tif,-0.0017640872845698834,0.008855373766049767,-2.4604885103678913,128.20903116889247,-617646756835.752,165344
zmicro,All models,ssp245,NA,NA,NA,NA,-4.4305491211107,1.7071670211289773,NA,NA
zmicro,CMCC-ESM2,ssp245,r1i1p1f1,/Volumes/T9/ClimateData/zmicro/biomassChange/zmicro_CMCC-ESM2_ssp245_r1i1p1f1_biomassChange.tif,-0.0021428582839038523,0.004070079962156679,-7.439697795973581,15.892107125920038,-748579600474.8033,164470
zmicro,CNRM-ESM2-1,ssp245,r2i1p1f2,/Volumes/T9/ClimateData/zmicro/biomassChange/zmicro_CNRM-ESM2-1_ssp245_r2i1p1f2_biomassChange.tif,-0.002208209492357332,0.00601880876035695,-3.4409542616959894,14.84972990451097,-770181218353.3817,164208
zmicro,CanESM5-CanOE,ssp245,r1i1p2f1,/Volumes/T9/ClimateData/zmicro/biomassChange/zmicro_CanESM5-CanOE_ssp245_r1i1p2f1_biomassChange.tif,-1.886535999556169e-4,0.0014549205563170518,-2.8429107278255197,41810048730199.97,-66085891700.4627,165358
zmicro,GFDL-ESM4,ssp245,r1i1p1f1,/Volumes/T9/ClimateData/zmicro/biomassChange/zmicro_GFDL-ESM4_ssp245_r1i1p1f1_biomassChange.tif,-0.0019604181698681575,0.0031001696849031353,-3.5693924690541676,8.138351203141854,-706830358029.4014,170928
zmicro,IPSL-CM6A-LR,ssp245,r1i1p1f1,/Volumes/T9/ClimateData/zmicro/biomassChange/zmicro_IPSL-CM6A-LR_ssp245_r1i1p1f1_biomassChange.tif,-0.002305065412899839,0.005163678791149779,-3.875912954154236,13.30695632829001,-805128107275.2716,164428
zmicro,UKESM1-0-LL,ssp245,r1i1p1f2,/Volumes/T9/ClimateData/zmicro/biomassChange/zmicro_UKESM1-0-LL_ssp245_r1i1p1f2_biomassChange.tif,-0.0038819612175893968,0.011121454285862436,-5.41442651796071,159.80821456550058,-1359162200860.6313,165344
zmicro,All models,ssp370,NA,NA,NA,NA,-7.057790894683963,1.775553540631208,NA,NA
zmicro,CMCC-ESM2,ssp370,r1i1p1f1,/Volumes/T9/ClimateData/zmicro/biomassChange/zmicro_CMCC-ESM2_ssp370_r1i1p1f1_biomassChange.tif,-0.002897833672764474,0.004701955809233723,-10.060864477275539,18.253633717968345,-1012320408351.2759,164470
zmicro,CNRM-ESM2-1,ssp370,r2i1p1f2,/Volumes/T9/ClimateData/zmicro/biomassChange/zmicro_CNRM-ESM2-1_ssp370_r2i1p1f2_biomassChange.tif,-0.0036254653645510296,0.008550343799026531,-5.6494008109101825,16.72093858984406,-1264492948351.141,164208
zmicro,CanESM5-CanOE,ssp370,r1i1p2f1,/Volumes/T9/ClimateData/zmicro/biomassChange/zmicro_CanESM5-CanOE_ssp370_r1i1p2f1_biomassChange.tif,-3.731080502307499e-4,0.0019586876732216015,-5.622542474082697,95859574879410.39,-130700809345.38774,165358
zmicro,GFDL-ESM4,ssp370,r1i1p1f1,/Volumes/T9/ClimateData/zmicro/biomassChange/zmicro_GFDL-ESM4_ssp370_r1i1p1f1_biomassChange.tif,-0.003486069971054767,0.004148007673512613,-6.347192702317985,11.437066460694288,-1256905349903.9438,170928
zmicro,IPSL-CM6A-LR,ssp370,r1i1p1f1,/Volumes/T9/ClimateData/zmicro/biomassChange/zmicro_IPSL-CM6A-LR_ssp370_r1i1p1f1_biomassChange.tif,-0.003760024779278429,0.006995280763798957,-6.32239270451429,16.28965293026787,-1313325694319.507,164428
zmicro,UKESM1-0-LL,ssp370,r1i1p1f2,/Volumes/T9/ClimateData/zmicro/biomassChange/zmicro_UKESM1-0-LL_ssp370_r1i1p1f2_biomassChange.tif,-0.005982619122262467,0.013711145884988039,-8.344352199003085,174.88196407406556,-2094649924961.003,165344
zmicro,All models,ssp585,NA,NA,NA,NA,-9.0232165589087,2.756457625533104,NA,NA
zmicro,CMCC-ESM2,ssp585,r1i1p1f1,/Volumes/T9/ClimateData/zmicro/biomassChange/zmicro_CMCC-ESM2_ssp585_r1i1p1f1_biomassChange.tif,-0.004046742968281095,0.006002160116154639,-14.049713398286165,22.918425503742217,-1413676889962.735,164470
zmicro,CNRM-ESM2-1,ssp585,r2i1p1f2,/Volumes/T9/ClimateData/zmicro/biomassChange/zmicro_CNRM-ESM2-1_ssp585_r2i1p1f2_biomassChange.tif,-0.004576774800698471,0.010320741585922113,-7.131783832010541,20.350231691550473,-1596291477022.8687,164208
zmicro,CanESM5-CanOE,ssp585,r1i1p2f1,/Volumes/T9/ClimateData/zmicro/biomassChange/zmicro_CanESM5-CanOE_ssp585_r1i1p2f1_biomassChange.tif,-4.885542711847093e-4,0.0022875317265822863,-7.362256426608077,21432310131570.13,-171141948327.02368,165358
zmicro,GFDL-ESM4,ssp585,r1i1p1f1,/Volumes/T9/ClimateData/zmicro/biomassChange/zmicro_GFDL-ESM4_ssp585_r1i1p1f1_biomassChange.tif,-0.003998124319504965,0.004802310629321801,-7.279505493128063,13.753871081571853,-1441526959726.0493,170928
zmicro,IPSL-CM6A-LR,ssp585,r1i1p1f1,/Volumes/T9/ClimateData/zmicro/biomassChange/zmicro_IPSL-CM6A-LR_ssp585_r1i1p1f1_biomassChange.tif,-0.004681166943334047,0.008451996933164438,-7.8712714592344675,20.79191241949909,-1635068167625.0894,164428
zmicro,UKESM1-0-LL,ssp585,r1i1p1f2,/Volumes/T9/ClimateData/zmicro/biomassChange/zmicro_UKESM1-0-LL_ssp585_r1i1p1f2_biomassChange.tif,-0.007488546950838842,0.015148848148379902,-10.444768744184888,222.6616605526671,-2621909232073.852,165344
zooc,ACCESS-ESM1-5,ssp126,r40i1p1f1,/Volumes/T9/ClimateData/zooc/biomassChange/zooc_ACCESS-ESM1-5_ssp126_r40i1p1f1_biomassChange.tif,-0.0023399514333086935,0.009568963468345928,-6.744803684590883,124.15840780156594,-815592459123.301,164329
zooc,All models,ssp126,NA,NA,NA,NA,-2.980785511100421,2.7785028661757725,NA,NA
zooc,CESM2,ssp126,r4i1p1f1,/Volumes/T9/ClimateData/zooc/biomassChange/zooc_CESM2_ssp126_r4i1p1f1_biomassChange.tif,-6.100798772791699e-4,0.002077197621782313,-1.4681514046370117,5.887464434346623,-212919484407.01703,164112
zooc,CESM2-WACCM,ssp126,r1i1p1f1,/Volumes/T9/ClimateData/zooc/biomassChange/zooc_CESM2-WACCM_ssp126_r1i1p1f1_biomassChange.tif,-7.270642297023309e-4,0.002360322821559326,-1.752607782009884,7.361514269785732,-253747331594.36215,164112
zooc,CNRM-ESM2-1,ssp126,r2i1p1f2,/Volumes/T9/ClimateData/zooc/biomassChange/zooc_CNRM-ESM2-1_ssp126_r2i1p1f2_biomassChange.tif,-0.016971475637698456,0.48252404642902375,-8.85537440343785,9.332339531882628,-5919325964831.135,164208
zooc,CanESM5-CanOE,ssp126,r1i1p2f1,/Volumes/T9/ClimateData/zooc/biomassChange/zooc_CanESM5-CanOE_ssp126_r1i1p2f1_biomassChange.tif,2.1010412833006925e-4,0.002177073830239941,1.829036864282936,2499783633.0654945,73600072693.59119,165358
zooc,GFDL-ESM4,ssp126,r1i1p1f1,/Volumes/T9/ClimateData/zooc/biomassChange/zooc_GFDL-ESM4_ssp126_r1i1p1f1_biomassChange.tif,-0.005064691596415743,0.007904872798052619,-3.7920467752386293,7.298993018432252,-1826078654761.5984,170928
zooc,IPSL-CM6A-LR,ssp126,r1i1p1f1,/Volumes/T9/ClimateData/zooc/biomassChange/zooc_IPSL-CM6A-LR_ssp126_r1i1p1f1_biomassChange.tif,-0.005016991193277472,0.013629512616801794,-3.4654253402689585,17.524176120637897,-1752367026573.2786,164428
zooc,MIROC-ES2L,ssp126,r1i1p1f2,/Volumes/T9/ClimateData/zooc/biomassChange/zooc_MIROC-ES2L_ssp126_r1i1p1f2_biomassChange.tif,-0.0016215018722782757,0.01146246079319963,-2.099811896733701,957.1446275195199,-552956760631.4178,160870
zooc,MPI-ESM1-2-HR,ssp126,r1i1p1f1,/Volumes/T9/ClimateData/zooc/biomassChange/zooc_MPI-ESM1-2-HR_ssp126_r1i1p1f1_biomassChange.tif,-6.439905560713325e-4,0.006120251289741217,-0.6546245557734768,9.00318374630177,-226159782260.69424,165320
zooc,MPI-ESM1-2-LR,ssp126,r1i1p1f1,/Volumes/T9/ClimateData/zooc/biomassChange/zooc_MPI-ESM1-2-LR_ssp126_r1i1p1f1_biomassChange.tif,-0.0024165232375879747,0.007042710548438052,-2.4689987757532306,9.278341809416263,-829458252987.2574,162078
zooc,NorESM2-MM,ssp126,r1i1p1f1,/Volumes/T9/ClimateData/zooc/biomassChange/zooc_NorESM2-MM_ssp126_r1i1p1f1_biomassChange.tif,-0.004242465650346951,0.008220841131763522,-2.1702639964660295,9.948042636963093,-1477113543017.2786,164342
zooc,UKESM1-0-LL,ssp126,r1i1p1f2,/Volumes/T9/ClimateData/zooc/biomassChange/zooc_UKESM1-0-LL_ssp126_r1i1p1f2_biomassChange.tif,-0.006137358267577393,0.020197397408216345,-4.126354382578336,145.72891958274354,-2148827590712.164,165344
zooc,ACCESS-ESM1-5,ssp245,r40i1p1f1,/Volumes/T9/ClimateData/zooc/biomassChange/zooc_ACCESS-ESM1-5_ssp245_r40i1p1f1_biomassChange.tif,-0.0038205444127280756,0.012695432857923102,-11.012545673084459,353.4526783877593,-1331654652490.2195,164329
zooc,All models,ssp245,NA,NA,NA,NA,-5.319461170321791,3.0575977285473934,NA,NA
zooc,CESM2,ssp245,r4i1p1f1,/Volumes/T9/ClimateData/zooc/biomassChange/zooc_CESM2_ssp245_r4i1p1f1_biomassChange.tif,-0.0012252922189614382,0.002727826479258326,-2.9486540358974156,8.352461693854453,-427630212412.0343,164112
zooc,CESM2-WACCM,ssp245,r1i1p1f1,/Volumes/T9/ClimateData/zooc/biomassChange/zooc_CESM2-WACCM_ssp245_r1i1p1f1_biomassChange.tif,-0.0012708483318421802,0.0029707331404806837,-3.0634139119356147,9.5614280454631,-443529415823.5851,164112
zooc,CNRM-ESM2-1,ssp245,r2i1p1f2,/Volumes/T9/ClimateData/zooc/biomassChange/zooc_CNRM-ESM2-1_ssp245_r2i1p1f2_biomassChange.tif,-0.01710638710019176,0.40836651176655453,-8.925768489208439,13.849343611653511,-5966380501510.082,164208
zooc,CanESM5-CanOE,ssp245,r1i1p2f1,/Volumes/T9/ClimateData/zooc/biomassChange/zooc_CanESM5-CanOE_ssp245_r1i1p2f1_biomassChange.tif,-1.6508426012326556e-4,0.0035258150122351077,-1.4371216780851483,4336612055.033466,-57829485037.78244,165358
zooc,GFDL-ESM4,ssp245,r1i1p1f1,/Volumes/T9/ClimateData/zooc/biomassChange/zooc_GFDL-ESM4_ssp245_r1i1p1f1_biomassChange.tif,-0.008810688611607938,0.009677431946437656,-6.596757709970763,9.477280745322252,-3176700910830.281,170928
zooc,IPSL-CM6A-LR,ssp245,r1i1p1f1,/Volumes/T9/ClimateData/zooc/biomassChange/zooc_IPSL-CM6A-LR_ssp245_r1i1p1f1_biomassChange.tif,-0.008656281378758084,0.015118422685254988,-5.979220550086292,16.769354661828917,-3023521763642.251,164428
zooc,MPI-ESM1-2-HR,ssp245,r1i1p1f1,/Volumes/T9/ClimateData/zooc/biomassChange/zooc_MPI-ESM1-2-HR_ssp245_r1i1p1f1_biomassChange.tif,-0.0032779896865400616,0.010402206307273992,-3.3321180289849055,13.545078741201953,-1151180598490.9275,165320
zooc,MPI-ESM1-2-LR,ssp245,r1i1p1f1,/Volumes/T9/ClimateData/zooc/biomassChange/zooc_MPI-ESM1-2-LR_ssp245_r1i1p1f1_biomassChange.tif,-0.0035013010616362457,0.011524508625520704,-3.5773328806686684,16.14221063684776,-1201802249030.3083,162078
zooc,NorESM2-MM,ssp245,r1i1p1f1,/Volumes/T9/ClimateData/zooc/biomassChange/zooc_NorESM2-MM_ssp245_r1i1p1f1_biomassChange.tif,-0.006445221043369757,0.010479834404004039,-3.29709945407494,16.58269638682635,-2244054301328.956,164342
zooc,UKESM1-0-LL,ssp245,r1i1p1f2,/Volumes/T9/ClimateData/zooc/biomassChange/zooc_UKESM1-0-LL_ssp245_r1i1p1f2_biomassChange.tif,-0.01241055928881534,0.02609873130706496,-8.344040461543054,182.6972694578605,-4345216794147.213,165344
zooc,ACCESS-ESM1-5,ssp370,r40i1p1f1,/Volumes/T9/ClimateData/zooc/biomassChange/zooc_ACCESS-ESM1-5_ssp370_r40i1p1f1_biomassChange.tif,-0.005204460382767659,0.014747679888591138,-15.001620574818004,560.4362421660865,-1814019975615.1501,164329
zooc,All models,ssp370,NA,NA,NA,NA,-8.307360094497064,5.049075939475009,NA,NA
zooc,CESM2,ssp370,r4i1p1f1,/Volumes/T9/ClimateData/zooc/biomassChange/zooc_CESM2_ssp370_r4i1p1f1_biomassChange.tif,-0.00187185686140684,0.0031879131545746423,-4.504605679849884,9.69377332297284,-653282975980.0529,164112
zooc,CESM2-WACCM,ssp370,r1i1p1f1,/Volumes/T9/ClimateData/zooc/biomassChange/zooc_CESM2-WACCM_ssp370_r1i1p1f1_biomassChange.tif,-0.0019968307170497375,0.003310615724602594,-4.813413878840581,10.982739636491237,-696899180839.1854,164112
zooc,CNRM-ESM2-1,ssp370,r2i1p1f2,/Volumes/T9/ClimateData/zooc/biomassChange/zooc_CNRM-ESM2-1_ssp370_r2i1p1f2_biomassChange.tif,-0.02246756376746837,0.46897240567488907,-11.723122569972835,16.024330762292788,-7836256340601.283,164208
zooc,CanESM5,ssp370,r1i1p1f1,/Volumes/T9/ClimateData/zooc/biomassChange/zooc_CanESM5_ssp370_r1i1p1f1_biomassChange.tif,-0.0062047675764912436,0.021228704934305315,-19.018038777076644,NA,-2173547698973.2056,165358
zooc,CanESM5-CanOE,ssp370,r1i1p2f1,/Volumes/T9/ClimateData/zooc/biomassChange/zooc_CanESM5-CanOE_ssp370_r1i1p2f1_biomassChange.tif,-3.782389052542176e-4,0.004795816177597379,-3.292714458847571,10341610373.220901,-132498162427.92334,165358
zooc,GFDL-ESM4,ssp370,r1i1p1f1,/Volumes/T9/ClimateData/zooc/biomassChange/zooc_GFDL-ESM4_ssp370_r1i1p1f1_biomassChange.tif,-0.014916459547405114,0.013876477911520298,-11.16828364529543,13.568651791759672,-5378141564119.713,170928
zooc,IPSL-CM6A-LR,ssp370,r1i1p1f1,/Volumes/T9/ClimateData/zooc/biomassChange/zooc_IPSL-CM6A-LR_ssp370_r1i1p1f1_biomassChange.tif,-0.013025574122983137,0.0181592742241955,-8.997256103981535,15.3674003811608,-4549656500471.237,164428
zooc,MIROC-ES2L,ssp370,r1i1p1f2,/Volumes/T9/ClimateData/zooc/biomassChange/zooc_MIROC-ES2L_ssp370_r1i1p1f2_biomassChange.tif,-0.0034254928147194794,0.021130917700635087,-4.435943422265351,1466.1281062646867,-1168145065248.7527,160870
zooc,MPI-ESM1-2-HR,ssp370,r1i1p1f1,/Volumes/T9/ClimateData/zooc/biomassChange/zooc_MPI-ESM1-2-HR_ssp370_r1i1p1f1_biomassChange.tif,-0.004429511886446489,0.013652124777445448,-4.50265492812157,17.398600897955067,-1555577848643.0657,165320
zooc,MPI-ESM1-2-LR,ssp370,r1i1p1f1,/Volumes/T9/ClimateData/zooc/biomassChange/zooc_MPI-ESM1-2-LR_ssp370_r1i1p1f1_biomassChange.tif,-0.004159340727713946,0.014157824528724315,-4.249662078530865,18.896687828193347,-1427670729552.7334,162078
zooc,NorESM2-MM,ssp370,r1i1p1f1,/Volumes/T9/ClimateData/zooc/biomassChange/zooc_NorESM2-MM_ssp370_r1i1p1f1_biomassChange.tif,-0.008572127834081357,0.012520850325872903,-4.385134010428505,19.67316806487496,-2984586596514.0903,164342
zooc,UKESM1-0-LL,ssp370,r1i1p1f2,/Volumes/T9/ClimateData/zooc/biomassChange/zooc_UKESM1-0-LL_ssp370_r1i1p1f2_biomassChange.tif,-0.01770434311545469,0.033347055796150556,-11.903231100433048,200.317195370639,-6198689941713.468,165344
zooc,ACCESS-ESM1-5,ssp585,r40i1p1f1,/Volumes/T9/ClimateData/zooc/biomassChange/zooc_ACCESS-ESM1-5_ssp585_r40i1p1f1_biomassChange.tif,-0.005794195346029423,0.01737559082210321,-16.701504810242334,379.09374868874954,-2019572698663.5686,164329
zooc,All models,ssp585,NA,NA,NA,NA,-9.093044590593983,4.244436756916482,NA,NA
zooc,CESM2,ssp585,r4i1p1f1,/Volumes/T9/ClimateData/zooc/biomassChange/zooc_CESM2_ssp585_r4i1p1f1_biomassChange.tif,-0.0026049653579193074,0.003905487032829227,-6.268824283004343,12.867779879896974,-909139772614.5868,164112
zooc,CESM2-WACCM,ssp585,r1i1p1f1,/Volumes/T9/ClimateData/zooc/biomassChange/zooc_CESM2-WACCM_ssp585_r1i1p1f1_biomassChange.tif,-0.0026698282696500327,0.004320950202963326,-6.435692488866245,15.2842570893121,-931777099687.9468,164112
zooc,CNRM-ESM2-1,ssp585,r2i1p1f2,/Volumes/T9/ClimateData/zooc/biomassChange/zooc_CNRM-ESM2-1_ssp585_r2i1p1f2_biomassChange.tif,-0.02538983510184022,0.49724671409245247,-13.247904935792274,19.212968678152087,-8855488666363.549,164208
zooc,CanESM5-CanOE,ssp585,r1i1p2f1,/Volumes/T9/ClimateData/zooc/biomassChange/zooc_CanESM5-CanOE_ssp585_r1i1p2f1_biomassChange.tif,-5.314054514351925e-4,0.00553764748845565,-4.62608787500334,3340383226.945794,-186152838434.2714,165358
zooc,GFDL-ESM4,ssp585,r1i1p1f1,/Volumes/T9/ClimateData/zooc/biomassChange/zooc_GFDL-ESM4_ssp585_r1i1p1f1_biomassChange.tif,-0.016869267005374385,0.015399638466323728,-12.630393841480906,15.321607336283227,-6082227873813.391,170928
zooc,IPSL-CM6A-LR,ssp585,r1i1p1f1,/Volumes/T9/ClimateData/zooc/biomassChange/zooc_IPSL-CM6A-LR_ssp585_r1i1p1f1_biomassChange.tif,-0.015746243996060394,0.022871152516726553,-10.876525561998863,21.651755639172265,-5499949612837.124,164428
zooc,MIROC-ES2L,ssp585,r1i1p1f2,/Volumes/T9/ClimateData/zooc/biomassChange/zooc_MIROC-ES2L_ssp585_r1i1p1f2_biomassChange.tif,-0.006079760756013017,0.024567658458964553,-7.873166342283393,1435.1498984472075,-2073290737762.424,160870
zooc,MPI-ESM1-2-HR,ssp585,r1i1p1f1,/Volumes/T9/ClimateData/zooc/biomassChange/zooc_MPI-ESM1-2-HR_ssp585_r1i1p1f1_biomassChange.tif,-0.00522200858016697,0.015862164010756793,-5.308237853504181,19.94415012162012,-1833890749359.41,165320
zooc,MPI-ESM1-2-LR,ssp585,r1i1p1f1,/Volumes/T9/ClimateData/zooc/biomassChange/zooc_MPI-ESM1-2-LR_ssp585_r1i1p1f1_biomassChange.tif,-0.005282797139807182,0.017019316671180843,-5.39751468881198,22.215951220728982,-1813290937290.6545,162078
zooc,NorESM2-MM,ssp585,r1i1p1f1,/Volumes/T9/ClimateData/zooc/biomassChange/zooc_NorESM2-MM_ssp585_r1i1p1f1_biomassChange.tif,-0.010385146054355263,0.016262563884286808,-5.312596597680238,25.396083535797747,-3615831251773.623,164342
zooc,UKESM1-0-LL,ssp585,r1i1p1f2,/Volumes/T9/ClimateData/zooc/biomassChange/zooc_UKESM1-0-LL_ssp585_r1i1p1f2_biomassChange.tif,-0.02147457467023788,0.037452437672824086,-14.438085808459697,255.72845870970355,-7518733066960.201,165344
