Variable,Model,Scenario,Variant,Output_file,Status
zooc,CanESM5,ssp119,r1i1p1f1,zooc_CanESM5_ssp119_r1i1p1f1_change_1995-2014_to_2080-2100.tif,Success
zooc,CanESM5,ssp370,r1i1p1f1,zooc_CanESM5_ssp370_r1i1p1f1_change_1995-2014_to_2080-2100.tif,Success
zooc,CanESM5,ssp434,r1i1p1f1,zooc_CanESM5_ssp434_r1i1p1f1_change_1995-2014_to_2080-2100.tif,Success
zooc,CanESM5,ssp460,r1i1p1f1,zooc_CanESM5_ssp460_r1i1p1f1_change_1995-2014_to_2080-2100.tif,Success
zooc,CanESM5,ssp534-over,r1i1p1f1,zooc_CanESM5_ssp534-over_r1i1p1f1_change_1995-2014_to_2080-2100.tif,Success
zooc,CanESM5-CanOE,ssp126,r1i1p2f1,zooc_CanESM5-CanOE_ssp126_r1i1p2f1_change_1995-2014_to_2080-2100.tif,Success
zooc,CanESM5-CanOE,ssp245,r1i1p2f1,zooc_CanESM5-CanOE_ssp245_r1i1p2f1_change_1995-2014_to_2080-2100.tif,Success
zooc,CanESM5-CanOE,ssp370,r1i1p2f1,zooc_CanESM5-CanOE_ssp370_r1i1p2f1_change_1995-2014_to_2080-2100.tif,Success
zooc,CanESM5-CanOE,ssp585,r1i1p2f1,zooc_CanESM5-CanOE_ssp585_r1i1p2f1_change_1995-2014_to_2080-2100.tif,Success
zooc,CESM2,ssp126,r4i1p1f1,zooc_CESM2_ssp126_r4i1p1f1_change_1995-2014_to_2080-2100.tif,Success
zooc,CESM2,ssp245,r4i1p1f1,zooc_CESM2_ssp245_r4i1p1f1_change_1995-2014_to_2080-2100.tif,Success
zooc,CESM2,ssp370,r4i1p1f1,zooc_CESM2_ssp370_r4i1p1f1_change_1995-2014_to_2080-2100.tif,Success
zooc,CESM2,ssp585,r4i1p1f1,zooc_CESM2_ssp585_r4i1p1f1_change_1995-2014_to_2080-2100.tif,Success
zooc,CESM2-WACCM,ssp126,r1i1p1f1,zooc_CESM2-WACCM_ssp126_r1i1p1f1_change_1995-2014_to_2080-2100.tif,Success
zooc,CESM2-WACCM,ssp245,r1i1p1f1,zooc_CESM2-WACCM_ssp245_r1i1p1f1_change_1995-2014_to_2080-2100.tif,Success
zooc,CESM2-WACCM,ssp370,r1i1p1f1,zooc_CESM2-WACCM_ssp370_r1i1p1f1_change_1995-2014_to_2080-2100.tif,Success
zooc,CESM2-WACCM,ssp534-over,r1i1p1f1,zooc_CESM2-WACCM_ssp534-over_r1i1p1f1_change_1995-2014_to_2080-2100.tif,Success
zooc,CESM2-WACCM,ssp585,r1i1p1f1,zooc_CESM2-WACCM_ssp585_r1i1p1f1_change_1995-2014_to_2080-2100.tif,Success
zooc,CNRM-ESM2-1,ssp119,r2i1p1f2,zooc_CNRM-ESM2-1_ssp119_r2i1p1f2_change_1995-2014_to_2080-2100.tif,Success
zooc,CNRM-ESM2-1,ssp126,r2i1p1f2,zooc_CNRM-ESM2-1_ssp126_r2i1p1f2_change_1995-2014_to_2080-2100.tif,Success
zooc,CNRM-ESM2-1,ssp245,r2i1p1f2,zooc_CNRM-ESM2-1_ssp245_r2i1p1f2_change_1995-2014_to_2080-2100.tif,Success
zooc,CNRM-ESM2-1,ssp370,r2i1p1f2,zooc_CNRM-ESM2-1_ssp370_r2i1p1f2_change_1995-2014_to_2080-2100.tif,Success
zooc,CNRM-ESM2-1,ssp434,r2i1p1f2,zooc_CNRM-ESM2-1_ssp434_r2i1p1f2_change_1995-2014_to_2080-2100.tif,Success
zooc,CNRM-ESM2-1,ssp460,r2i1p1f2,zooc_CNRM-ESM2-1_ssp460_r2i1p1f2_change_1995-2014_to_2080-2100.tif,Success
zooc,CNRM-ESM2-1,ssp534-over,r2i1p1f2,zooc_CNRM-ESM2-1_ssp534-over_r2i1p1f2_change_1995-2014_to_2080-2100.tif,Success
zooc,CNRM-ESM2-1,ssp585,r2i1p1f2,zooc_CNRM-ESM2-1_ssp585_r2i1p1f2_change_1995-2014_to_2080-2100.tif,Success
zooc,IPSL-CM6A-LR,ssp119,r1i1p1f1,zooc_IPSL-CM6A-LR_ssp119_r1i1p1f1_change_1995-2014_to_2080-2100.tif,Success
zooc,IPSL-CM6A-LR,ssp126,r1i1p1f1,zooc_IPSL-CM6A-LR_ssp126_r1i1p1f1_change_1995-2014_to_2080-2100.tif,Success
zooc,IPSL-CM6A-LR,ssp245,r1i1p1f1,zooc_IPSL-CM6A-LR_ssp245_r1i1p1f1_change_1995-2014_to_2080-2100.tif,Success
zooc,IPSL-CM6A-LR,ssp370,r1i1p1f1,zooc_IPSL-CM6A-LR_ssp370_r1i1p1f1_change_1995-2014_to_2080-2100.tif,Success
zooc,IPSL-CM6A-LR,ssp434,r1i1p1f1,zooc_IPSL-CM6A-LR_ssp434_r1i1p1f1_change_1995-2014_to_2080-2100.tif,Success
zooc,IPSL-CM6A-LR,ssp460,r1i1p1f1,zooc_IPSL-CM6A-LR_ssp460_r1i1p1f1_change_1995-2014_to_2080-2100.tif,Success
zooc,IPSL-CM6A-LR,ssp534-over,r1i1p1f1,zooc_IPSL-CM6A-LR_ssp534-over_r1i1p1f1_change_1995-2014_to_2080-2100.tif,Success
zooc,IPSL-CM6A-LR,ssp585,r1i1p1f1,zooc_IPSL-CM6A-LR_ssp585_r1i1p1f1_change_1995-2014_to_2080-2100.tif,Success
zooc,NorESM2-MM,ssp126,r1i1p1f1,zooc_NorESM2-MM_ssp126_r1i1p1f1_change_1995-2014_to_2080-2100.tif,Success
zooc,NorESM2-MM,ssp245,r1i1p1f1,zooc_NorESM2-MM_ssp245_r1i1p1f1_change_1995-2014_to_2080-2100.tif,Success
zooc,NorESM2-MM,ssp370,r1i1p1f1,zooc_NorESM2-MM_ssp370_r1i1p1f1_change_1995-2014_to_2080-2100.tif,Success
zooc,NorESM2-MM,ssp585,r1i1p1f1,zooc_NorESM2-MM_ssp585_r1i1p1f1_change_1995-2014_to_2080-2100.tif,Success
zooc,UKESM1-0-LL,ssp119,r1i1p1f2,zooc_UKESM1-0-LL_ssp119_r1i1p1f2_change_1995-2014_to_2080-2100.tif,Success
zooc,UKESM1-0-LL,ssp126,r1i1p1f2,zooc_UKESM1-0-LL_ssp126_r1i1p1f2_change_1995-2014_to_2080-2100.tif,Success
zooc,UKESM1-0-LL,ssp245,r1i1p1f2,zooc_UKESM1-0-LL_ssp245_r1i1p1f2_change_1995-2014_to_2080-2100.tif,Success
zooc,UKESM1-0-LL,ssp370,r1i1p1f2,zooc_UKESM1-0-LL_ssp370_r1i1p1f2_change_1995-2014_to_2080-2100.tif,Success
zooc,UKESM1-0-LL,ssp434,r1i1p1f2,zooc_UKESM1-0-LL_ssp434_r1i1p1f2_change_1995-2014_to_2080-2100.tif,Success
zooc,UKESM1-0-LL,ssp534-over,r1i1p1f2,zooc_UKESM1-0-LL_ssp534-over_r1i1p1f2_change_1995-2014_to_2080-2100.tif,Success
zooc,UKESM1-0-LL,ssp585,r1i1p1f2,zooc_UKESM1-0-LL_ssp585_r1i1p1f2_change_1995-2014_to_2080-2100.tif,Success
zmicro,CanESM5-CanOE,ssp126,r1i1p2f1,zmicro_CanESM5-CanOE_ssp126_r1i1p2f1_change_1995-2014_to_2080-2100.tif,Success
zmicro,CanESM5-CanOE,ssp245,r1i1p2f1,zmicro_CanESM5-CanOE_ssp245_r1i1p2f1_change_1995-2014_to_2080-2100.tif,Success
zmicro,CanESM5-CanOE,ssp370,r1i1p2f1,zmicro_CanESM5-CanOE_ssp370_r1i1p2f1_change_1995-2014_to_2080-2100.tif,Success
zmicro,CanESM5-CanOE,ssp585,r1i1p2f1,zmicro_CanESM5-CanOE_ssp585_r1i1p2f1_change_1995-2014_to_2080-2100.tif,Success
zmicro,CMCC-ESM2,ssp126,r1i1p1f1,zmicro_CMCC-ESM2_ssp126_r1i1p1f1_change_1995-2014_to_2080-2100.tif,Success
zmicro,CMCC-ESM2,ssp245,r1i1p1f1,zmicro_CMCC-ESM2_ssp245_r1i1p1f1_change_1995-2014_to_2080-2100.tif,Success
zmicro,CMCC-ESM2,ssp370,r1i1p1f1,zmicro_CMCC-ESM2_ssp370_r1i1p1f1_change_1995-2014_to_2080-2100.tif,Success
zmicro,CMCC-ESM2,ssp534-over,r1i1p1f1,zmicro_CMCC-ESM2_ssp534-over_r1i1p1f1_change_1995-2014_to_2080-2100.tif,Success
zmicro,CMCC-ESM2,ssp585,r1i1p1f1,zmicro_CMCC-ESM2_ssp585_r1i1p1f1_change_1995-2014_to_2080-2100.tif,Success
zmicro,CNRM-ESM2-1,ssp119,r2i1p1f2,zmicro_CNRM-ESM2-1_ssp119_r2i1p1f2_change_1995-2014_to_2080-2100.tif,Success
zmicro,CNRM-ESM2-1,ssp126,r2i1p1f2,zmicro_CNRM-ESM2-1_ssp126_r2i1p1f2_change_1995-2014_to_2080-2100.tif,Success
zmicro,CNRM-ESM2-1,ssp245,r2i1p1f2,zmicro_CNRM-ESM2-1_ssp245_r2i1p1f2_change_1995-2014_to_2080-2100.tif,Success
zmicro,CNRM-ESM2-1,ssp370,r2i1p1f2,zmicro_CNRM-ESM2-1_ssp370_r2i1p1f2_change_1995-2014_to_2080-2100.tif,Success
zmicro,CNRM-ESM2-1,ssp434,r2i1p1f2,zmicro_CNRM-ESM2-1_ssp434_r2i1p1f2_change_1995-2014_to_2080-2100.tif,Success
zmicro,CNRM-ESM2-1,ssp460,r2i1p1f2,zmicro_CNRM-ESM2-1_ssp460_r2i1p1f2_change_1995-2014_to_2080-2100.tif,Success
zmicro,CNRM-ESM2-1,ssp534-over,r2i1p1f2,zmicro_CNRM-ESM2-1_ssp534-over_r2i1p1f2_change_1995-2014_to_2080-2100.tif,Success
zmicro,CNRM-ESM2-1,ssp585,r2i1p1f2,zmicro_CNRM-ESM2-1_ssp585_r2i1p1f2_change_1995-2014_to_2080-2100.tif,Success
zmicro,IPSL-CM6A-LR,ssp119,r1i1p1f1,zmicro_IPSL-CM6A-LR_ssp119_r1i1p1f1_change_1995-2014_to_2080-2100.tif,Success
zmicro,IPSL-CM6A-LR,ssp126,r1i1p1f1,zmicro_IPSL-CM6A-LR_ssp126_r1i1p1f1_change_1995-2014_to_2080-2100.tif,Success
zmicro,IPSL-CM6A-LR,ssp245,r1i1p1f1,zmicro_IPSL-CM6A-LR_ssp245_r1i1p1f1_change_1995-2014_to_2080-2100.tif,Success
zmicro,IPSL-CM6A-LR,ssp370,r1i1p1f1,zmicro_IPSL-CM6A-LR_ssp370_r1i1p1f1_change_1995-2014_to_2080-2100.tif,Success
zmicro,IPSL-CM6A-LR,ssp434,r1i1p1f1,zmicro_IPSL-CM6A-LR_ssp434_r1i1p1f1_change_1995-2014_to_2080-2100.tif,Success
zmicro,IPSL-CM6A-LR,ssp460,r1i1p1f1,zmicro_IPSL-CM6A-LR_ssp460_r1i1p1f1_change_1995-2014_to_2080-2100.tif,Success
zmicro,IPSL-CM6A-LR,ssp534-over,r1i1p1f1,zmicro_IPSL-CM6A-LR_ssp534-over_r1i1p1f1_change_1995-2014_to_2080-2100.tif,Success
zmicro,IPSL-CM6A-LR,ssp585,r1i1p1f1,zmicro_IPSL-CM6A-LR_ssp585_r1i1p1f1_change_1995-2014_to_2080-2100.tif,Success
zmicro,UKESM1-0-LL,ssp119,r1i1p1f2,zmicro_UKESM1-0-LL_ssp119_r1i1p1f2_change_1995-2014_to_2080-2100.tif,Success
zmicro,UKESM1-0-LL,ssp126,r1i1p1f2,zmicro_UKESM1-0-LL_ssp126_r1i1p1f2_change_1995-2014_to_2080-2100.tif,Success
zmicro,UKESM1-0-LL,ssp245,r1i1p1f2,zmicro_UKESM1-0-LL_ssp245_r1i1p1f2_change_1995-2014_to_2080-2100.tif,Success
zmicro,UKESM1-0-LL,ssp370,r1i1p1f2,zmicro_UKESM1-0-LL_ssp370_r1i1p1f2_change_1995-2014_to_2080-2100.tif,Success
zmicro,UKESM1-0-LL,ssp434,r1i1p1f2,zmicro_UKESM1-0-LL_ssp434_r1i1p1f2_change_1995-2014_to_2080-2100.tif,Success
zmicro,UKESM1-0-LL,ssp534-over,r1i1p1f2,zmicro_UKESM1-0-LL_ssp534-over_r1i1p1f2_change_1995-2014_to_2080-2100.tif,Success
zmicro,UKESM1-0-LL,ssp585,r1i1p1f2,zmicro_UKESM1-0-LL_ssp585_r1i1p1f2_change_1995-2014_to_2080-2100.tif,Success
zmeso,CanESM5-CanOE,ssp126,r1i1p2f1,zmeso_CanESM5-CanOE_ssp126_r1i1p2f1_change_1995-2014_to_2080-2100.tif,Success
zmeso,CanESM5-CanOE,ssp245,r1i1p2f1,zmeso_CanESM5-CanOE_ssp245_r1i1p2f1_change_1995-2014_to_2080-2100.tif,Success
zmeso,CanESM5-CanOE,ssp370,r1i1p2f1,zmeso_CanESM5-CanOE_ssp370_r1i1p2f1_change_1995-2014_to_2080-2100.tif,Success
zmeso,CanESM5-CanOE,ssp585,r1i1p2f1,zmeso_CanESM5-CanOE_ssp585_r1i1p2f1_change_1995-2014_to_2080-2100.tif,Success
zmeso,CMCC-ESM2,ssp126,r1i1p1f1,zmeso_CMCC-ESM2_ssp126_r1i1p1f1_change_1995-2014_to_2080-2100.tif,Success
zmeso,CMCC-ESM2,ssp245,r1i1p1f1,zmeso_CMCC-ESM2_ssp245_r1i1p1f1_change_1995-2014_to_2080-2100.tif,Success
zmeso,CMCC-ESM2,ssp370,r1i1p1f1,zmeso_CMCC-ESM2_ssp370_r1i1p1f1_change_1995-2014_to_2080-2100.tif,Success
zmeso,CMCC-ESM2,ssp585,r1i1p1f1,zmeso_CMCC-ESM2_ssp585_r1i1p1f1_change_1995-2014_to_2080-2100.tif,Success
zmeso,CNRM-ESM2-1,ssp119,r2i1p1f2,zmeso_CNRM-ESM2-1_ssp119_r2i1p1f2_change_1995-2014_to_2080-2100.tif,Success
zmeso,CNRM-ESM2-1,ssp126,r2i1p1f2,zmeso_CNRM-ESM2-1_ssp126_r2i1p1f2_change_1995-2014_to_2080-2100.tif,Success
zmeso,CNRM-ESM2-1,ssp245,r2i1p1f2,zmeso_CNRM-ESM2-1_ssp245_r2i1p1f2_change_1995-2014_to_2080-2100.tif,Success
zmeso,CNRM-ESM2-1,ssp370,r2i1p1f2,zmeso_CNRM-ESM2-1_ssp370_r2i1p1f2_change_1995-2014_to_2080-2100.tif,Success
zmeso,CNRM-ESM2-1,ssp434,r2i1p1f2,zmeso_CNRM-ESM2-1_ssp434_r2i1p1f2_change_1995-2014_to_2080-2100.tif,Success
zmeso,CNRM-ESM2-1,ssp460,r2i1p1f2,zmeso_CNRM-ESM2-1_ssp460_r2i1p1f2_change_1995-2014_to_2080-2100.tif,Success
zmeso,CNRM-ESM2-1,ssp534-over,r2i1p1f2,zmeso_CNRM-ESM2-1_ssp534-over_r2i1p1f2_change_1995-2014_to_2080-2100.tif,Success
zmeso,CNRM-ESM2-1,ssp585,r2i1p1f2,zmeso_CNRM-ESM2-1_ssp585_r2i1p1f2_change_1995-2014_to_2080-2100.tif,Success
zmeso,IPSL-CM6A-LR,ssp119,r1i1p1f1,zmeso_IPSL-CM6A-LR_ssp119_r1i1p1f1_change_1995-2014_to_2080-2100.tif,Success
zmeso,IPSL-CM6A-LR,ssp126,r1i1p1f1,zmeso_IPSL-CM6A-LR_ssp126_r1i1p1f1_change_1995-2014_to_2080-2100.tif,Success
zmeso,IPSL-CM6A-LR,ssp245,r1i1p1f1,zmeso_IPSL-CM6A-LR_ssp245_r1i1p1f1_change_1995-2014_to_2080-2100.tif,Success
zmeso,IPSL-CM6A-LR,ssp370,r1i1p1f1,zmeso_IPSL-CM6A-LR_ssp370_r1i1p1f1_change_1995-2014_to_2080-2100.tif,Success
zmeso,IPSL-CM6A-LR,ssp434,r1i1p1f1,zmeso_IPSL-CM6A-LR_ssp434_r1i1p1f1_change_1995-2014_to_2080-2100.tif,Success
zmeso,IPSL-CM6A-LR,ssp460,r1i1p1f1,zmeso_IPSL-CM6A-LR_ssp460_r1i1p1f1_change_1995-2014_to_2080-2100.tif,Success
zmeso,IPSL-CM6A-LR,ssp534-over,r1i1p1f1,zmeso_IPSL-CM6A-LR_ssp534-over_r1i1p1f1_change_1995-2014_to_2080-2100.tif,Success
zmeso,IPSL-CM6A-LR,ssp585,r1i1p1f1,zmeso_IPSL-CM6A-LR_ssp585_r1i1p1f1_change_1995-2014_to_2080-2100.tif,Success
zmeso,UKESM1-0-LL,ssp126,r1i1p1f2,zmeso_UKESM1-0-LL_ssp126_r1i1p1f2_change_1995-2014_to_2080-2100.tif,Success
zmeso,UKESM1-0-LL,ssp245,r1i1p1f2,zmeso_UKESM1-0-LL_ssp245_r1i1p1f2_change_1995-2014_to_2080-2100.tif,Success
zmeso,UKESM1-0-LL,ssp370,r1i1p1f2,zmeso_UKESM1-0-LL_ssp370_r1i1p1f2_change_1995-2014_to_2080-2100.tif,Success
zmeso,UKESM1-0-LL,ssp585,r1i1p1f2,zmeso_UKESM1-0-LL_ssp585_r1i1p1f2_change_1995-2014_to_2080-2100.tif,Success
